,playlist
0,37i9dQZF1DWUFmyho2wkQU
1,37i9dQZF1DZ06evO1Xa1Op
2,37i9dQZF1DXcbGhAooTSJy
3,37i9dQZF1DWZMWLrh2UzwC
4,37i9dQZF1DX6uhsAfngvaD
5,37i9dQZF1DWYmmr74INQlb
6,37i9dQZF1DWZqUHC2tviPw
7,37i9dQZF1DXbgLhPxSBEKX
8,37i9dQZF1DWYRTlrhMB12D
9,37i9dQZF1DWTJ7xPn4vNaz
10,37i9dQZF1DX5Ejj0EkURtP
11,37i9dQZF1DX50QitC6Oqtn
12,37i9dQZF1DWXbttAJcbphz
13,37i9dQZF1DX8SE5tIsUWTD
14,37i9dQZF1DX7HGyCQ2dcNx
15,37i9dQZF1DX4qKWGR9z0LI
16,37i9dQZF1DX0z1epx5KTtS
17,37i9dQZF1DX9udeSemCofA
18,37i9dQZF1DWU0ScTcjJBdj
19,37i9dQZF1DX2E5psOxzjXz
20,37i9dQZF1DX4WgZiuR77Ef
21,37i9dQZF1DX2zAr9vdmFlU
22,37i9dQZF1DWXnscMH24yOc
23,37i9dQZF1DX8RXxAW8DgJV
24,37i9dQZF1DWUptwB9dhZvQ
25,37i9dQZF1DXdx7sCF75xKy
26,37i9dQZF1DWWnpcjfCqaW0
27,37i9dQZF1DXbn7xTVabEKT
28,37i9dQZF1DX8FwnYE6PRvL
29,37i9dQZF1DWYTn3LtYLd3y
30,37i9dQZF1DWZhxU4AiByxO
31,37i9dQZF1DWZeKCadgRdKQ
32,37i9dQZF1DWWi0hHcPHnic
33,37i9dQZF1DWYAyGN1XM1YS
34,37i9dQZF1DWW7gj0FcGEx6
35,37i9dQZF1DXc4SqyiYXF2n
36,37i9dQZF1DX5KJJSIYaNvs
37,37i9dQZF1DX0fWtUuB7bFE
38,37i9dQZF1DXcfZ6moR6J0G
39,37i9dQZF1DWU3iv5mH3inV
40,37i9dQZF1DX11ghcIxjcjE
41,37i9dQZF1DZ06evO22OCjn
42,37i9dQZF1DXaqykGqi6KX8
43,37i9dQZF1DWXnexX7CktaI
44,37i9dQZF1DX1aRHunsdRJB
45,37i9dQZF1DX4jCqmsDQR1i
46,37i9dQZF1DX442zFw7L5ce
47,37i9dQZF1DX23YPJntYMnh
48,37i9dQZF1DX2UXfvEIZvDK
49,37i9dQZF1DXdLD1ufgw60J
50,37i9dQZF1DX6QsiGlwQqfw
51,37i9dQZF1DX5ja5oV6Kto0
52,37i9dQZF1DXaKs4phBF9kX
53,37i9dQZF1DXdD040nrEzxm
54,37i9dQZF1DWY373eEGlSj4
55,37i9dQZF1DWTyjRnMgESue
56,37i9dQZF1DX9uKNf5jGX6m
57,37i9dQZF1DWYl3xONiBhif
58,37i9dQZF1DXcYHsRTcIw5a
59,37i9dQZF1DX3Fzl4v4w9Zp
60,37i9dQZF1DX14rZPczlTBh
61,37i9dQZF1DX2xhOTSp6PjQ
62,37i9dQZF1DWXLRnGRo8irv
63,37i9dQZF1DXaVgr4Tx5kRF
64,37i9dQZF1DX7JO5vzoPTXR
65,37i9dQZF1DX44AF5xq04Oh
66,37i9dQZF1DXbSwbJpH6lAw
67,37i9dQZF1DZ06evO2WUSS8
68,37i9dQZF1DXaXeq4HFmqQR
69,37i9dQZF1DX5oYC8mRiXUR
70,37i9dQZF1DZ06evO0vEAMw
71,37i9dQZF1DX70TzPK5buVf
72,37i9dQZF1DX7F6T2n2fegs
73,37i9dQZF1DX9dX3aBjsxqd
74,37i9dQZF1DX9oh43oAzkyx
75,37i9dQZF1DX6l1fwN15uV5
76,37i9dQZF1DWUPafHP1BJw1
77,37i9dQZF1DWY7TEf86LRjN
78,37i9dQZF1DZ06evO1rwPYs
79,37i9dQZF1DX38lOuCWlLV1
80,37i9dQZF1DXc6qgnxonYgp
81,37i9dQZF1DWX16Q183eyvd
82,37i9dQZF1DXaPeYMCDRQeg
83,37i9dQZF1DWYhr4P5Boce5
84,37i9dQZF1DX5JcPJgYjGcf
85,37i9dQZF1DWZQ6UgJlQibR
86,37i9dQZF1DXe9hay4VT07f
87,37i9dQZF1DX1hVRardJ30X
88,37i9dQZF1DX8j4KHUVrE2f
89,37i9dQZF1DWUxHPh2rEiHr
90,37i9dQZF1DXdejmG21jbny
91,37i9dQZF1DWXIcbzpLauPS
92,37i9dQZF1DXbITWG1ZJKYt
93,37i9dQZF1DX6eUekrgxJ8J
94,37i9dQZF1DWVA1Gq4XHa6U
95,37i9dQZF1DWSV3Tk4GO2fq
96,37i9dQZF1DWWg3YRMu4AEF
97,37i9dQZF1DXd0DyosUBZQ7
98,37i9dQZF1DX2RahGIyQXcJ
99,37i9dQZEVXbLiRSasKsNU9
100,37i9dQZF1DX6VDO8a6cQME
101,37i9dQZF1DWXxauMBOQPxX
102,37i9dQZF1DWTSjoMyJoVXv
103,37i9dQZF1DWVqfgj8NZEp1
104,37i9dQZF1DX07RJCJCOYpi
105,37i9dQZF1DWXJnW46G73SM
106,37i9dQZF1DWYCFWZy4Gz9M
107,37i9dQZF1DWWXmRdYIgq8J
108,37i9dQZF1DXdeMORbC1XNa
109,37i9dQZF1DX1xEPBKyoFUz
110,37i9dQZF1DX9XIFQuFvzM4
111,37i9dQZF1DX2A29LI7xHn1
112,37i9dQZF1DX3NFsmszZzJc
113,37i9dQZF1DX91oIci4su1D
114,37i9dQZF1DXbrUpGvoi3TS
115,37i9dQZF1DXa8n42306eJB
116,37i9dQZF1DWWQRKXabpuS2
117,37i9dQZF1DX5jr2ABRSBbi
118,37i9dQZF1DWWsiJMaq2jt5
119,37i9dQZF1DXadOVCgGhS7j
120,37i9dQZF1DWTvNyxOwkztu
121,37i9dQZF1DWVmps5U8gHNv
122,37i9dQZF1DXc3KygMa1OE7
123,37i9dQZF1DX5Q5wA1hY6bS
124,37i9dQZF1DWU2tlzlUMZTA
125,37i9dQZF1DZ06evO3gEzVb
126,37i9dQZF1DWV8xrpik0esU
127,37i9dQZF1DX3VxoFMom3BD
128,37i9dQZF1DWWAqc46ZJdZf
129,37i9dQZF1DX5YBM9tRiBVF
130,37i9dQZF1DX9ptRQF1dOxS
131,37i9dQZF1DWXahxq4Q8el6
132,37i9dQZF1DWUArRC04H8rI
133,37i9dQZF1DXaXB8fQg7xif
134,37i9dQZF1DX8CopunbDxgW
135,37i9dQZF1DXcaxFdaLtowG
136,37i9dQZF1DX35vibahyjHG
137,37i9dQZF1DWUa8ZRTfalHk
138,37i9dQZF1DX17GkScaAekA
139,37i9dQZEVXbKuaTI1Z1Afx
140,37i9dQZF1DX9wXOYagay8L
141,37i9dQZF1DX7YCknf2jT6s
142,37i9dQZF1DX6qjeIoR93rs
143,37i9dQZF1DX53wq0WYtg5L
144,37i9dQZF1DWUoGbRYcteyC
145,37i9dQZF1DX7udthHrZCWz
146,37i9dQZF1DWTU3Zl0elDUa
147,37i9dQZF1DWWaVVA0KKQMp
148,37i9dQZF1DX4SBhb3fqCJd
149,37i9dQZF1DWZoF06RIo9el
150,37i9dQZF1DX206LSYrawGc
151,37i9dQZF1DX9HeUXWsJonl
152,37i9dQZF1DX0BxHamIEkKV
153,37i9dQZF1DX8YFIEyRvxXj
154,37i9dQZF1DXb9LIXaj5WhL
155,37i9dQZF1DWSDautEwAKZB
156,37i9dQZF1DWSWNiyXQAvbl
157,37i9dQZF1DXdxcBWuJkbcy
158,37i9dQZF1DWTwzVdyRpXm1
159,37i9dQZF1DX5hL1aT2vhMb
160,37i9dQZF1DX32NsLKyzScr
161,37i9dQZF1DX5q67ZpWyRrZ
162,37i9dQZF1DWX1DwkjCqoyw
163,37i9dQZF1DX0QKpU3cGsyb
164,37i9dQZF1DX5b3XEYmInJL
165,37i9dQZF1DXcbAIldMQMIs
166,37i9dQZF1DX1QnNyJOBQBv
167,37i9dQZF1DX0rM1NjYKMJa
168,37i9dQZF1DWTLSN7iG21yC
169,37i9dQZF1DXbaZdHeCwl9C
170,37i9dQZF1DX0cNYCfLOrsu
171,37i9dQZF1DXdd3gw5QVjt9
172,37i9dQZF1DXajE2Hhh3n7i
173,37i9dQZF1DX5AuRugisweW
174,37i9dQZF1DXa2PsvJSPnPf
175,37i9dQZF1DXbADqT0j1Cxt
176,37i9dQZF1DX9pryhDLql25
177,37i9dQZF1DZ06evO0hk7Li
178,37i9dQZF1DX2mmt7R81K2b
179,37i9dQZF1DXbSbnqxMTGx9
180,37i9dQZF1DWUDoJcM4v6Tm
181,37i9dQZF1DX2LJXoyg2yd7
182,37i9dQZF1DWU8quswnFt3c
183,37i9dQZF1DX889U0CL85jj
184,37i9dQZF1DX1VHgGvdVgaZ
185,37i9dQZF1DX3Ee0ngF5ZVQ
186,37i9dQZF1DX0IyMQV27EGn
187,37i9dQZF1DXdc2CX1rMGAc
188,37i9dQZF1DXcWxfOAOwuqj
189,37i9dQZF1DWYE5MI4mMuii
190,37i9dQZF1DX5bjCEbRU4SJ
191,37i9dQZF1DWSxaFwRXIXnt
192,37i9dQZF1DWSKoG4oVafMt
193,37i9dQZF1DXcnkReojaCnV
194,37i9dQZF1DXbTxeAdrVG2l
195,37i9dQZF1DWWMOmoXKqHTD
196,37i9dQZF1DX5kjCvsC5isB
197,37i9dQZF1DX5AVYhCeISA6
198,37i9dQZF1DXcEKFjZJYZcc
199,37i9dQZF1DWYnwbYQ5HnZU
200,37i9dQZF1DX0dClrg1J8Br
201,37i9dQZF1DWYzKmy0vGGcY
202,37i9dQZF1DWVSIz2AGspV4
203,37i9dQZF1DX661EjJOj3Tu
204,37i9dQZF1DWUyqO4fBh3ob
205,37i9dQZF1DX9MrAJRR2Zxk
206,37i9dQZF1DX2pVaiZBrrqq
207,37i9dQZF1DXbEm2sKzgoJ8
208,37i9dQZF1DX0GO2iStOATx
209,37i9dQZF1DXdfYLmYuBPaf
210,37i9dQZF1DX5OepaGriAIm
211,37i9dQZF1DXdJyxIBq7Xdy
212,37i9dQZF1DWV0gynK7G6pD
213,37i9dQZF1DX4WELsJtFZjZ
214,37i9dQZF1DX1tz6EDao8it
215,37i9dQZF1DWSiyIBdVQrkk
216,37i9dQZF1DX79Y9Kr2M2tM
217,37i9dQZF1DX0YKekzl0blG
218,37i9dQZF1DX0ItcQfwbKZJ
219,37i9dQZF1DX2pSTOxoPbx9
220,37i9dQZF1DX21hEmly67Fg
221,37i9dQZF1DXe6bgV3TmZOL
222,37i9dQZF1DWYZW76Iw4Lij
223,37i9dQZF1DX6u62UVrRdZV
224,37i9dQZF1DWU86q8CK6tXo
225,37i9dQZF1DZ06evO3jgeSr
226,37i9dQZF1DX2taNm7KfjOX
227,37i9dQZF1DXaXn0hGbmLLg
228,37i9dQZF1DZ06evO0gCG2c
229,37i9dQZF1DWVl5gPCRkquk
230,37i9dQZF1DXcC6YLqj8ET8
231,37i9dQZF1DX5hlePrkMwGp
232,37i9dQZF1DX1gjl24GAQC0
233,37i9dQZF1DWXe9gFZP0gtP
234,37i9dQZF1DWVEvzGeX3eRs
235,37i9dQZF1DXdGHPXiRsW3u
236,37i9dQZF1DWVJd52AtCSiR
237,37i9dQZF1DX8qhRpXsdDY5
238,37i9dQZF1DX70zl2mz7vvV
239,37i9dQZF1DWVA5o3WHL2eG
240,37i9dQZF1DX6RCydf9ytsj
241,37i9dQZF1DX1adpUbAHocs
242,37i9dQZF1DWTKXbV17YqGw
243,37i9dQZF1DX49jUV2NfGku
244,37i9dQZF1DX5GiUwx1edLZ
245,37i9dQZF1DXdcRZAcc2QFU
246,37i9dQZF1DWTD6JPQU0gqz
247,37i9dQZF1DX8a1tdzq5tbM
248,37i9dQZF1DWYFH7pZ5xe7h
249,37i9dQZF1DX0QNpebF7rcL
250,37i9dQZF1DX7Gwi28HhdBP
251,37i9dQZF1DX7KrTMVQnM02
252,37i9dQZF1DXddGd6mP5X2a
253,37i9dQZF1DXbbp0uiGXEBw
254,37i9dQZF1DWZIQpJDqCc10
255,37i9dQZF1DXb7WmotStdsj
256,37i9dQZF1DX2ohL85TE8TI
257,37i9dQZF1DWVpjAJGB70vU
258,37i9dQZF1DXcF6B6QPhFDv
259,37i9dQZF1DWZqd5JICZI0u
260,37i9dQZF1DWYnGFRu5xvi8
261,37i9dQZF1DWTcqUzwhNmKv
262,37i9dQZF1DXd9rSDyQguIk
263,37i9dQZF1DX3Gj7nguS95W
264,37i9dQZF1DXdfOcg1fm0VG
265,37i9dQZF1DWZ0OzPeadl0h
266,37i9dQZF1DXb2oE8NhWxT6
267,37i9dQZF1DXdbkmlag2h7b
268,37i9dQZF1DX4y8h9WqDPAE
269,37i9dQZF1DX5lHBoCtADgQ
270,37i9dQZF1DXchFDa0CQ44k
271,37i9dQZF1DX3XjJqhm9fqD
272,37i9dQZF1DWT6pI50XnTRh
273,37i9dQZF1DXaywRlmHaP59
274,37i9dQZF1DXd0ZFXhY0CRF
275,37i9dQZF1DX2XmsXL2WBQd
276,37i9dQZF1DX9sIqqvKsjG8
277,37i9dQZF1DXasneILDRM7B
278,37i9dQZF1DWWgsG1xGbDd1
279,37i9dQZF1DWSkMjlBZAZ07
280,37i9dQZF1DWYi4w24l7FTx
281,37i9dQZF1DWUqr1os0aCxH
282,37i9dQZF1DX4OjfOteYnH8
283,37i9dQZF1DXbvABJXBIyiY
284,37i9dQZF1DWVV27DiNWxkR
285,37i9dQZF1DX1ziQH0F90kL
286,37i9dQZF1DX76Wlfdnj7AP
287,37i9dQZF1DX0BZrbvIqxCd
288,37i9dQZF1DWSlw12ofHcMM
289,37i9dQZF1DXc0BeAqkMlJ0
290,37i9dQZF1DX0nA91dV2ts4
291,37i9dQZF1DWTTn6daQVbOa
292,37i9dQZEVXbMDoHDwVN2tF
293,37i9dQZF1DX7CGYgLhqwu5
294,37i9dQZF1DWWOaP4H0w5b0
295,37i9dQZF1DWZJIhAWlsiOv
296,37i9dQZF1DX5wgkIjaIMie
297,37i9dQZF1DWSqmBTGDYngZ
298,37i9dQZF1DX6VdMW310YC7
299,37i9dQZF1DX5l9rcXWdrth
300,37i9dQZF1DX9G9wwzwWL2k
301,37i9dQZF1DX7GUbRHVEX42
302,37i9dQZF1DX38neNCcDGwC
303,37i9dQZF1DXb9DmOVVVkdh
304,37i9dQZF1DWUH2AzNQzWua
305,37i9dQZF1DX1rVvRgjX59F
306,37i9dQZF1DWTALrdBtcXjw
307,37i9dQZF1DWVs8I62NcHks
308,37i9dQZF1DWWn6teJIIcfG
309,37i9dQZF1DX3s9lsTCJMPo
310,37i9dQZF1DX6z20IXmBjWI
311,37i9dQZF1DX4E3UdUs7fUx
312,37i9dQZF1DX6kz6Kli3wib
313,37i9dQZF1DWYvgG8eEwPaP
314,37i9dQZF1DX4lrR2M7pz8g
315,37i9dQZF1DXbSWYCNwaARB
316,37i9dQZF1DWYP5PUsVbso9
317,37i9dQZF1DX1BGjF5N5O7F
318,37i9dQZF1DWXtBjoO4Thyy
319,37i9dQZF1DX0XUsuxWHRQd
320,37i9dQZF1DZ06evO1m1kAx
321,37i9dQZF1DWVEcPtggpQMu
322,37i9dQZF1DX0do1Z6kTyyR
323,37i9dQZF1DX21sNa02ZMU9
324,37i9dQZF1DWTxofAzA6rAK
325,37i9dQZF1DX8NTLI2TtZa6
326,37i9dQZF1DXcBbGCLlic3p
327,37i9dQZF1DWVhQ5d3I6DeF
328,37i9dQZF1DX7rOY2tZUw1k
329,37i9dQZF1DWVu0D7Y8cYcs
330,37i9dQZF1DX1uHCeFHcn8X
331,37i9dQZF1DWY7IeIP1cdjF
332,37i9dQZF1DWYAcBZSAVhlf
333,37i9dQZF1DX6GRSnGELn7L
334,37i9dQZF1DWUS3jbm4YExP
335,37i9dQZF1DX0vVAWnG6fKT
336,37i9dQZF1DX3mvx0imueXo
337,37i9dQZF1DX9WxEZbyU6MA
338,37i9dQZF1DX3Z99viCDp7Q
339,37i9dQZF1DX5xV5uMmkUPl
340,37i9dQZF1DWX0o6sD1a6P5
341,37i9dQZF1DWZP9WRe4vE2t
342,37i9dQZF1DX1kZBqCJkwLM
343,37i9dQZF1DX7qK8ma5wgG1
344,37i9dQZF1DX9ZinQt3Ddkj
345,37i9dQZF1DXa41CMuUARjl
346,37i9dQZF1DWU6Vfrf87eTG
347,37i9dQZF1DWSGaZLGlN26y
348,37i9dQZF1DX7cBprxbt1Fn
349,37i9dQZF1DX9QYRS3EMTFh
350,37i9dQZF1DX4sWSpwq3LiO
351,37i9dQZF1DX3EgfgehUd1l
352,37i9dQZF1DX5qNE4zrflL7
353,37i9dQZF1DWXqpDKK4ed9O
354,37i9dQZF1DWXmQEAjlxGhi
355,37i9dQZF1DXc9NQwLalzEM
356,37i9dQZF1DWY0DyDKedRYY
357,37i9dQZF1DXacNXCQqbCEI
358,37i9dQZF1DXe5Q8muTQked
359,37i9dQZF1DZ06evO3R5f8c
360,37i9dQZF1DX654XADbS8bL
361,37i9dQZF1DX8GjsySWIS1x
362,37i9dQZF1DX4NdDHVFmygr
363,37i9dQZF1DX10zKzsJ2jva
364,37i9dQZF1DWV8IND7NkP2W
365,37i9dQZF1DWYztMONFqfvX
366,37i9dQZF1DXdaMkR2m2cl5
367,37i9dQZF1DWWu0xeeDiEZc
368,37i9dQZF1DX38snDqzaVVW
369,37i9dQZF1DWZIQCYtfr3hh
370,37i9dQZF1DX8dPxJstGRJY
371,37i9dQZF1DX0DHxkHcf1Tl
372,37i9dQZF1DX28npkgy2RE4
373,37i9dQZF1DXdMbUSbTOEeW
374,37i9dQZF1DWSjibQnF0bUk
375,37i9dQZF1DX0rCrO4CFRfM
376,37i9dQZF1DX94QVAxB7Dum
377,37i9dQZF1DX3LrQBSMX6aK
378,37i9dQZF1DX4pAtJteyweQ
379,37i9dQZF1DX1nqy6pUAoUv
380,37i9dQZF1DWVkyW4DM7wMY
381,37i9dQZF1DXbYM3nMM0oPk
382,37i9dQZF1DX4dWEvmDfGoP
383,37i9dQZF1DWYdLqwKCcDiy
384,37i9dQZF1DX3VNFqEPdDGw
385,37i9dQZF1DX5SrscLLafXx
386,37i9dQZF1DX2I7Ykltk83m
387,37i9dQZF1DWYoDXiQsd3D2
388,37i9dQZF1DWWkrGNlIHxPl
389,37i9dQZF1DX1wNY9tfWQsS
390,37i9dQZF1DX4UtSsGT1Sbe
391,37i9dQZF1DWU13kKnk03AP
392,37i9dQZF1DX2syo5w7a1cu
393,37i9dQZF1DXcyPBAlQvdpJ
394,37i9dQZF1DWXHwQpcoF2cC
395,37i9dQZF1DWYtpM7d4h5Xa
396,37i9dQZF1DX70RN3TfWWJh
397,37i9dQZF1DX6ALixlKf7N8
398,37i9dQZF1DWT2I2nyOA0zG
399,37i9dQZF1DX2RxBh64BHjQ
400,37i9dQZF1DX9Y4P09E4dNP
401,37i9dQZF1DX0Uv9tZ47pWo
402,37i9dQZF1DX2ULa1Ss8vbo
403,37i9dQZF1DX9iGsUcr0Bpa
404,37i9dQZF1DWYey22ryYM8U
405,37i9dQZF1DX2K2376Q0zTJ
406,37i9dQZF1DX16jhUDf29DN
407,37i9dQZF1DX85XJl1mZAlp
408,37i9dQZF1DWUqIzZNMSCv3
409,37i9dQZF1DXa3XvSefBFmb
410,37i9dQZF1DXdmMcgFhLQ8u
411,37i9dQZF1DX8evYJzHX5bn
412,37i9dQZF1DXbwoaqxaoAVr
413,37i9dQZF1DX35oM5SPECmN
414,37i9dQZF1DX9lAYMw7KoAO
415,37i9dQZF1DX1GT5IIzDqMe
416,37i9dQZF1DWVfS4Cdd3PNf
417,37i9dQZF1DX2ArBUudJwM5
418,37i9dQZF1DWYC7CaxNgoCg
419,37i9dQZF1DXbvE0SE0Cczh
420,37i9dQZF1DWXMEbgClM8hw
421,37i9dQZF1DXb3ZjVksUlfu
422,37i9dQZF1DX3WvGXE8FqYX
423,37i9dQZF1DWXmlLSKkfdAk
424,37i9dQZF1DX9mHcd54VItZ
425,37i9dQZF1DWVGLWeeMNGcG
426,37i9dQZF1DWWgdl6IRdIlO
427,37i9dQZF1DX4dyzvuaRJ0n
428,37i9dQZF1DWYok9l1JL7GM
429,37i9dQZF1DWVwr24yj95lH
430,37i9dQZF1DX5KfeCbBVaVc
431,37i9dQZF1DX3DZBe6wPMXo
432,37i9dQZF1DXaq7lvg1a3j6
433,37i9dQZF1DX4o1oenSJRJd
434,37i9dQZF1DWTkxQvqMy4WW
435,37i9dQZF1DWWPcvnOpPG3x
436,37i9dQZF1DX38EeD6pDm10
437,37i9dQZF1DX2XWJkYVfE4v
438,37i9dQZF1DXdOEFt9ZX0dh
439,37i9dQZF1DX2MJVTOdWtbm
440,37i9dQZF1DXbdrcAZnP3Cy
441,37i9dQZF1DWXpOtMyVOt4Q
442,37i9dQZF1DWWDLvD3P5wOG
443,37i9dQZF1DXdTCdwCKzXwo
444,37i9dQZF1DX24Kh15JFQJ0
445,37i9dQZF1DX3KoYiZJ8DD4
446,37i9dQZF1DX8Q8vgP3md04
447,37i9dQZF1DXcadB69DKC8c
448,37i9dQZF1DX4RDXswvP6Mj
449,37i9dQZF1DX8AjME0HhWBt
450,37i9dQZF1DWTZ3p56HpBDG
451,37i9dQZF1DWW7BONj8RiqI
452,37i9dQZF1DXan38dNVDdl4
453,37i9dQZF1DXa2SPUyWl8Y5
454,37i9dQZF1DWXRqgorJj26U
455,37i9dQZF1DWYtKpmml7moA
456,37i9dQZF1DX1FuwERxHNIM
457,37i9dQZF1DX4PMbm7GPN1x
458,37i9dQZF1DWTSKFpOdYF1r
459,37i9dQZF1DWUq3wF0JVtEy
460,37i9dQZF1DX3EbcelyrZPd
461,37i9dQZF1DX6GwdWRQMQpq
462,37i9dQZEVXbLRQDuF5jeBp
463,37i9dQZF1DX3rxVfibe1L0
464,37i9dQZF1DX91UQmVbQYyN
465,37i9dQZF1DX9tPFwDMOaN1
466,37i9dQZF1DX6mvEU1S6INL
467,37i9dQZF1DXaLI8a395lse
468,37i9dQZF1DX7dzHXrANAir
469,37i9dQZF1DWU8UMqd36n1X
470,37i9dQZF1DX0hWmn8d5pRe
471,37i9dQZF1DXbicEtPvsx8f
472,37i9dQZF1DWXBq4mDDFnfA
473,37i9dQZF1DWZXHVUlGM9Wp
474,37i9dQZF1DWT5MrZnPU1zD
475,37i9dQZF1DWVYs6zNzJ0ci
476,37i9dQZF1DX15iTqq2X8NE
477,37i9dQZF1DX4Y3BGcCFrIX
478,37i9dQZF1DWX4IFcj5utrY
479,37i9dQZF1DWWEJlAGA9gs0
480,37i9dQZF1DXdMm3yYbD7IO
481,37i9dQZF1DWVyizF9BJ61m
482,37i9dQZF1DXaKIA8E7WcJj
483,37i9dQZF1DX7ZqKP81pHlu
484,37i9dQZF1DX8QB9Ys2nV17
485,37i9dQZF1DX8xV1CEmgc1h
486,37i9dQZF1DX4oUPBOaEkL6
487,37i9dQZF1DX4FLflF8wPKE
488,37i9dQZF1DWYs83FtTMQFw
489,37i9dQZF1DWUlTJaFU1ddx
490,37i9dQZF1DX7TvcXU5TLWg
491,37i9dQZF1DX8XxBtyUnC7B
492,37i9dQZF1DX0H8hDpv38Ju
493,37i9dQZF1DX3z6D2ln0Hqx
494,37i9dQZF1DX1uusaBwROuk
495,37i9dQZF1DXaUDcU6KDCj4
496,37i9dQZF1DX9H4ZHqhys8z
497,37i9dQZF1DXah8e1pvF5oE
498,37i9dQZF1DX6ziVCJnEm59
499,37i9dQZF1DXbgtqUuhUMh3
500,37i9dQZF1DX5mILnBJLA26
501,37i9dQZF1DWTplaZ1W7ARf
502,37i9dQZF1DX58NJL8iVBGW
503,37i9dQZF1DWWjGdmeTyeJ6
504,37i9dQZF1DX0SlHbqMm3vJ
505,37i9dQZF1DXbUMEWUyV9JB
506,37i9dQZF1DX4qF0846GNk8
507,37i9dQZF1DWWmaszSfZpom
508,37i9dQZF1DX5mB2C8gBeUM
509,37i9dQZF1DWUzFXarNiofw
510,37i9dQZF1DWSUo7EWzIcjZ
511,37i9dQZF1DX3vtLopew4fC
512,37i9dQZF1DX56crgoe4TG3
513,37i9dQZF1DX4yeSNLFx6qI
514,37i9dQZF1DXcNdPSCaTGoa
515,37i9dQZF1DX4eRPd9frC1m
516,37i9dQZF1DWUajed02NzWR
517,37i9dQZF1DX1lVhptIYRda
518,37i9dQZF1DX7rqPov2ZRCB
519,37i9dQZF1DWXJyjYpHunCf
520,37i9dQZF1DWSrj7tqQ9IOu
521,37i9dQZF1DZ06evO00eJOV
522,37i9dQZF1DX4QrK4j7ie9B
523,37i9dQZF1DWYV7OOaGhoH0
524,37i9dQZF1DWVFeEut75IAL
525,37i9dQZF1DZ06evO2W8xb0
526,37i9dQZF1DX3uZHsihe90o
527,37i9dQZF1DX4V5eXk4NKqu
528,37i9dQZF1DWYkaDif7Ztbp
529,37i9dQZF1DX3oM43CtKnRV
530,37i9dQZF1DWWQRwui0ExPn
531,37i9dQZF1DWYzQ2Vx5M6uV
532,37i9dQZF1DX5U9LWxuimGj
533,37i9dQZF1DX9RwfGbeGQwP
534,37i9dQZF1DWW6FKfbzAFjW
535,37i9dQZF1DWSlwBojgQEcN
536,37i9dQZF1DXa8NOEUWPn9W
537,37i9dQZF1DXcKHVXMYcCuJ
538,37i9dQZF1DX2aCk0vzzaZQ
539,37i9dQZF1DWYKzhEkKdUkK
540,37i9dQZF1DX99DRG9N39X3
541,37i9dQZF1DX5IDTimEWoTd
542,37i9dQZF1DWVXBHEDDpqLs
543,37i9dQZF1DWXUpC6mczRpA
544,37i9dQZF1DX7gIoKXt0gmx
545,37i9dQZF1DWTt3gMo0DLxA
546,37i9dQZF1DXbLRILp4Jb3D
547,37i9dQZF1DXcWBRiUaG3o5
548,37i9dQZF1DX7D7lQhUs2b8
549,37i9dQZF1DWTyiBJ6yEqeu
550,37i9dQZF1DX9WbnZpHWMaI
551,37i9dQZF1DXbdTzLVot2nl
552,37i9dQZF1DWTUfv2yzHEe7
553,37i9dQZF1DX6WjBAV6orkC
554,37i9dQZF1DWXcg95telZlE
555,37i9dQZF1DXaUvpePTXR1D
556,37i9dQZF1DX8DbV65q7h3u
557,37i9dQZF1DXcBWIGoYBM5M
558,37i9dQZF1DX3SiCzCxMDOH
559,37i9dQZF1DX6W1YbI0Nbnc
560,37i9dQZF1DWZYWNM3NfvzJ
561,37i9dQZF1DWSw8liJZcPOI
562,37i9dQZF1DX873GaRGUmPl
563,37i9dQZF1DWZryfp6NSvtz
564,37i9dQZF1DX0wiundViT27
565,37i9dQZF1DX4xuWVBs4FgJ
566,37i9dQZF1DXb83YJL7gTWj
567,37i9dQZF1DX7z7RLIui5KP
568,37i9dQZF1DX1l6qs3gcM4U
569,37i9dQZF1DX8WMG8VPSOJC
570,37i9dQZF1DX5eq3AONkaho
571,37i9dQZF1DX2lenzaqw2vs
572,37i9dQZF1DXagUeYbNSnOA
573,37i9dQZF1DX8tZsk68tuDw
574,37i9dQZF1DX2nX8HgBDmgL
575,37i9dQZF1DX4kJGZhtnOIh
576,37i9dQZF1DX4WYpdgoIcn6
577,37i9dQZF1DWX83CujKHHOn
578,37i9dQZF1DX6Cy4Vr7Hu2y
579,37i9dQZF1DX1kznM9KyewU
580,37i9dQZF1DWSIcimvN18p3
581,37i9dQZF1DX6K3W8KBiALe
582,37i9dQZF1DWZUTt0fNaCPB
583,37i9dQZF1DWZYpU3rwrcAz
584,37i9dQZF1DXdPDLmy88MDk
585,37i9dQZF1DWXU4C3nPzApC
586,37i9dQZF1DWUHxBb0SYtLj
587,37i9dQZF1DX504r1DvyvxG
588,37i9dQZF1DXcDxnC0UqHJa
589,37i9dQZF1DX5cO1uP1XC1g
590,37i9dQZF1DX64nnRPoKA6J
591,37i9dQZF1DX6BbeVFYBeZs
592,37i9dQZF1DWT2aDOU7r4aV
593,37i9dQZF1DWVFJtzvDHN4L
594,37i9dQZF1DXbZmKskFbVct
595,37i9dQZF1DX0yL7UvjSKZT
596,37i9dQZF1DXdsiL9gD4vAA
597,37i9dQZF1DWYfvJNWU1bKi
598,37i9dQZF1DWZNJXX2UeBij
599,37i9dQZF1DWUNIrSzKgQbP
600,37i9dQZF1DWUQM3rmTXpBR
601,37i9dQZF1DXbl9rMxGEmRC
602,37i9dQZF1DX10uaP8FoDNe
603,37i9dQZF1DX49poIUZYXp7
604,37i9dQZF1DX7Qo2zphj7u3
605,37i9dQZF1DWSkkUxEhrBdF
606,37i9dQZF1DX9crXQ0wuuXE
